"SAM0","SAM1"
1.00,2.302389071
2.00,3.71503899
3.00,9.426125622
4.00,11.34529125
5.00,11.87704484
6.00,19.01325695
7.00,21.52353652
8.00,28.28670056
9.00,29.55737761
10.00,25.89582707
11.00,31.57982065
12.00,36.02452105
13.00,39.47686412
14.00,44.41192202
15.00,43.36098819
16.00,48.61525381
17.00,53.91222295
18.00,54.28420278
19.00,53.1378195
20.00,55.88015939